HLA-Allele,CaseFreq,CntrlFreq,ImputationInfo,OddsRatio,95%CI,P-value 
HLA-A*01,0.122,0.153,0.99,0.76,(0.52-1.12),0.165
HLA-A*0101,0.122,0.153,0.99,0.77,(0.52-1.12),0.169
HLA-A*02,0.388,0.347,0.92,1.25,(0.95-1.65),0.113
HLA-A*0201,0.378,0.339,0.89,1.26,(0.95-1.67),0.116
HLA-A*0205,0.01,0.002,0.95,5.72,(0.68-48.2),0.109
HLA-A*03,0.112,0.13,1.02,0.83,(0.56-1.23),0.363
HLA-A*0301,0.112,0.13,1.02,0.83,(0.56-1.23),0.364
HLA-A*11,0.073,0.068,0.95,1.12,(0.68-1.86),0.654
HLA-A*1101,0.073,0.068,0.95,1.12,(0.68-1.87),0.651
HLA-A*24,0.104,0.109,1.04,0.92,(0.61-1.39),0.696
HLA-A*2402,0.104,0.109,1.01,0.9,(0.59-1.38),0.636
HLA-A*25,0.016,0.012,0.84,1.16,(0.35-3.8),0.807
HLA-A*2501,0.016,0.012,0.84,1.16,(0.35-3.8),0.807
HLA-A*26,0.036,0.026,0.97,1.46,(0.7-3.02),0.312
HLA-A*2601,0.036,0.026,0.97,1.46,(0.7-3.03),0.313
HLA-A*29,0.01,0.012,0.97,0.81,(0.24-2.8),0.744
HLA-A*30,0.01,0.014,1.12,0.76,(0.24-2.37),0.631
HLA-A*3001,0.01,0.008,0.97,1.36,(0.35-5.25),0.653
HLA-A*31,0.023,0.021,0.97,1.14,(0.48-2.71),0.772
HLA-A*3101,0.023,0.021,0.97,1.14,(0.48-2.73),0.762
HLA-A*32,0.042,0.03,0.97,1.35,(0.68-2.68),0.399
HLA-A*3201,0.042,0.03,0.97,1.35,(0.68-2.68),0.399
HLA-A*68,0.042,0.056,1.02,0.69,(0.38-1.26),0.23
HLA-A*6801,0.039,0.048,1.03,0.76,(0.41-1.43),0.4
HLA-C*01,0.034,0.039,0.96,0.83,(0.41-1.69),0.609
HLA-C*0102,0.034,0.039,0.96,0.83,(0.41-1.69),0.609
HLA-C*02,0.068,0.062,0.93,1.03,(0.6-1.76),0.925
HLA-C*0202,0.068,0.062,0.93,1.03,(0.6-1.76),0.925
HLA-C*03,0.18,0.161,0.94,1.29,(0.9-1.84),0.163
HLA-C*0303,0.06,0.061,1.06,1.05,(0.63-1.77),0.849
HLA-C*0304,0.117,0.098,0.9,1.4,(0.9-2.17),0.132
HLA-C*04,0.12,0.144,1.06,0.79,(0.54-1.15),0.211
HLA-C*0401,0.12,0.144,1.06,0.79,(0.54-1.15),0.211
HLA-C*05,0.091,0.059,0.95,1.68,(1.02-2.77),0.041
HLA-C*0501,0.091,0.059,0.95,1.68,(1.02-2.77),0.041
HLA-C*06,0.042,0.059,1.02,0.69,(0.38-1.26),0.229
HLA-C*0602,0.042,0.059,1.02,0.69,(0.38-1.26),0.229
HLA-C*07,0.315,0.32,1.01,0.99,(0.75-1.29),0.922
HLA-C*0701,0.146,0.159,0.98,0.91,(0.63-1.3),0.591
HLA-C*0702,0.146,0.141,1.02,1.05,(0.73-1.5),0.797
HLA-C*0704,0.023,0.02,0.98,1.19,(0.49-2.86),0.699
HLA-C*08,0.016,0.012,0.98,1.35,(0.45-4.08),0.594
HLA-C*0802,0.016,0.012,0.98,1.35,(0.45-4.08),0.595
HLA-C*12,0.076,0.073,0.98,0.98,(0.6-1.61),0.945
HLA-C*1203,0.073,0.067,0.98,1.05,(0.64-1.74),0.837
HLA-C*14,0.01,0.009,0.99,1.29,(0.36-4.67),0.698
HLA-C*1402,0.01,0.009,0.99,1.29,(0.36-4.67),0.698
HLA-C*15,0.021,0.032,0.97,0.58,(0.24-1.36),0.208
HLA-C*1502,0.018,0.03,0.95,0.54,(0.22-1.35),0.19
HLA-C*16,0.023,0.024,0.98,0.95,(0.41-2.21),0.904
HLA-C*1604,0.01,0.006,0.96,1.52,(0.36-6.45),0.57
HLA-B*07,0.104,0.105,1.02,1,(0.67-1.52),0.982
HLA-B*0702,0.099,0.103,1.03,0.98,(0.64-1.48),0.91
HLA-B*08,0.091,0.094,1.01,1.01,(0.65-1.57),0.948
HLA-B*0801,0.091,0.094,1.01,1.01,(0.65-1.57),0.948
HLA-B*13,0.013,0.017,0.96,0.92,(0.31-2.75),0.888
HLA-B*1302,0.013,0.017,0.96,0.92,(0.31-2.75),0.888
HLA-B*14,0.016,0.014,0.96,1.36,(0.45-4.1),0.583
HLA-B*1402,0.013,0.012,0.96,1.27,(0.38-4.17),0.698
HLA-B*15,0.06,0.08,0.99,0.82,(0.49-1.37),0.441
HLA-B*1501,0.055,0.074,0.93,0.76,(0.44-1.34),0.344
HLA-B*18,0.052,0.055,0.96,0.95,(0.53-1.71),0.873
HLA-B*1801,0.052,0.055,0.96,0.95,(0.53-1.71),0.873
HLA-B*27,0.052,0.07,0.99,0.71,(0.4-1.25),0.231
HLA-B*2705,0.052,0.068,0.96,0.7,(0.39-1.26),0.233
HLA-B*35,0.128,0.13,1.03,0.9,(0.62-1.32),0.599
HLA-B*3501,0.063,0.077,0.9,0.67,(0.38-1.18),0.165
HLA-B*3502,0.029,0.02,0.99,1.42,(0.61-3.35),0.419
HLA-B*3503,0.031,0.03,0.96,1.04,(0.49-2.2),0.911
HLA-B*38,0.049,0.041,0.92,1.27,(0.66-2.45),0.474
HLA-B*3801,0.047,0.041,0.92,1.27,(0.66-2.45),0.482
HLA-B*39,0.052,0.053,0.95,1.06,(0.6-1.89),0.835
HLA-B*3901,0.021,0.024,0.81,1.07,(0.43-2.64),0.888
HLA-B*3906,0.026,0.03,0.99,0.98,(0.45-2.13),0.958
HLA-B*40,0.135,0.094,0.91,1.73,(1.14-2.64),0.011
HLA-B*4001,0.109,0.076,0.92,1.77,(1.12-2.81),0.015
HLA-B*4002,0.026,0.018,0.95,1.67,(0.68-4.09),0.264
HLA-B*44,0.138,0.102,0.99,1.48,(1-2.2),0.051
HLA-B*4402,0.12,0.077,0.93,1.74,(1.11-2.71),0.015
HLA-B*4403,0.01,0.02,0.95,0.61,(0.19-1.96),0.409
HLA-B*51,0.044,0.059,0.99,0.78,(0.43-1.4),0.404
HLA-B*5101,0.044,0.059,0.98,0.78,(0.43-1.41),0.412
HLA-B*55,0.018,0.017,0.91,1.08,(0.39-2.96),0.885
HLA-B*5501,0.018,0.017,0.91,1.08,(0.39-2.96),0.886
HLA-B*57,0.01,0.024,0.98,0.39,(0.13-1.2),0.102
HLA-B*5701,0.01,0.024,0.98,0.41,(0.13-1.25),0.116
HLA-DRB1*01,0.073,0.146,0.94,0.44,(0.28-0.7),5.53E-04
HLA-DRB1*0101,0.065,0.139,0.92,0.38,(0.23-0.63),1.34E-04
HLA-DRB1*03,0.083,0.077,0.99,1.09,(0.68-1.74),0.724
HLA-DRB1*0301,0.081,0.077,0.99,1.06,(0.66-1.71),0.796
HLA-DRB1*04,0.023,0.089,1.04,0.24,(0.11-0.49),1.15E-04
HLA-DRB1*0401,0.016,0.058,0.96,0.16,(0.06-0.48),8.85E-04
HLA-DRB1*07,0.023,0.055,0.95,0.39,(0.18-0.84),0.016
HLA-DRB1*0701,0.023,0.055,0.95,0.39,(0.18-0.84),0.016
HLA-DRB1*08,0.195,0.121,0.85,2.02,(1.37-2.97),3.62E-04
HLA-DRB1*0801,0.185,0.109,0.85,2.12,(1.42-3.16),2.30E-04
HLA-DRB1*09,0.023,0.018,0.98,1.33,(0.55-3.25),0.528
HLA-DRB1*0901,0.023,0.018,0.98,1.33,(0.55-3.25),0.528
HLA-DRB1*11,0.24,0.152,0.96,1.78,(1.27-2.51),9.40E-04
HLA-DRB1*1101,0.112,0.074,0.75,2.07,(1.23-3.46),5.82E-03
HLA-DRB1*1103,0.018,0.015,0.62,0.57,(0.14-2.22),0.415
HLA-DRB1*1104,0.104,0.053,0.82,2.32,(1.34-4.02),2.72E-03
HLA-DRB1*12,0.016,0.027,0.95,0.53,(0.2-1.39),0.197
HLA-DRB1*1201,0.016,0.027,0.95,0.53,(0.2-1.39),0.198
HLA-DRB1*13,0.193,0.153,0.92,1.39,(0.98-1.97),0.062
HLA-DRB1*1301,0.146,0.092,0.94,1.76,(1.17-2.65),6.30E-03
HLA-DRB1*1302,0.039,0.056,0.95,0.69,(0.37-1.31),0.257
HLA-DRB1*14,0.042,0.036,0.98,1.16,(0.6-2.27),0.655
HLA-DRB1*1401,0.036,0.032,0.88,1.03,(0.48-2.25),0.933
HLA-DRB1*15,0.057,0.089,1.01,0.65,(0.39-1.08),0.093
HLA-DRB1*1501,0.057,0.083,1.03,0.71,(0.43-1.19),0.192
HLA-DRB1*16,0.029,0.027,0.95,1.02,(0.46-2.29),0.956
HLA-DRB1*1601,0.023,0.026,0.94,0.81,(0.33-1.95),0.636
HLA-DQA1*01,0.393,0.453,1.02,0.8,(0.62-1.04),0.094
HLA-DQA1*0101,0.117,0.186,0.94,0.56,(0.38-0.82),3.29E-03
HLA-DQA1*0102,0.128,0.168,0.98,0.74,(0.51-1.07),0.11
HLA-DQA1*0103,0.148,0.098,0.96,1.64,(1.11-2.44),0.014
HLA-DQA1*02,0.023,0.055,0.95,0.39,(0.18-0.84),0.017
HLA-DQA1*0201,0.023,0.055,0.95,0.39,(0.18-0.84),0.017
HLA-DQA1*03,0.047,0.111,1.02,0.4,(0.23-0.69),9.06E-04
HLA-DQA1*0301,0.047,0.111,1.02,0.4,(0.23-0.69),9.06E-04
HLA-DQA1*04,0.185,0.114,0.85,2.02,(1.36-2.99),4.72E-04
HLA-DQA1*0401,0.185,0.114,0.85,2.02,(1.36-2.99),4.72E-04
HLA-DQA1*05,0.346,0.264,0.97,1.46,(1.1-1.95),9.30E-03
HLA-DQA1*0501,0.346,0.264,0.97,1.46,(1.1-1.95),9.30E-03
HLA-DQB1*02,0.094,0.114,0.96,0.81,(0.53-1.25),0.348
HLA-DQB1*0201,0.081,0.08,1.01,1.02,(0.64-1.63),0.928
HLA-DQB1*0202,0.013,0.033,0.97,0.38,(0.14-1.03),0.057
HLA-DQB1*03,0.328,0.32,0.97,1,(0.75-1.32),0.989
HLA-DQB1*0301,0.271,0.218,0.98,1.28,(0.95-1.74),0.107
HLA-DQB1*0302,0.023,0.065,1.03,0.35,(0.16-0.73),5.36E-03
HLA-DQB1*0303,0.034,0.036,0.96,0.92,(0.45-1.85),0.806
HLA-DQB1*04,0.185,0.114,0.85,2.02,(1.36-2.99),4.64E-04
HLA-DQB1*0402,0.185,0.114,0.85,2.02,(1.36-2.99),4.64E-04
HLA-DQB1*05,0.154,0.214,0.91,0.64,(0.45-0.91),0.014
HLA-DQB1*0501,0.076,0.153,0.93,0.43,(0.27-0.68),2.95E-04
HLA-DQB1*0502,0.036,0.027,0.96,1.3,(0.63-2.7),0.482
HLA-DQB1*0503,0.042,0.032,1.02,1.31,(0.68-2.55),0.42
HLA-DQB1*06,0.24,0.239,1.01,1.03,(0.77-1.39),0.842
HLA-DQB1*0602,0.052,0.083,1.03,0.65,(0.38-1.11),0.119
HLA-DQB1*0603,0.148,0.095,0.95,1.73,(1.16-2.58),7.25E-03
HLA-DQB1*0604,0.034,0.05,0.95,0.66,(0.33-1.29),0.219
HLA-DPA1*01,0.839,0.846,0.96,0.93,(0.65-1.32),0.667
HLA-DPA1*0103,0.831,0.844,0.95,0.88,(0.62-1.25),0.485
HLA-DPA1*02,0.162,0.155,0.96,1.09,(0.76-1.55),0.65
HLA-DPA1*0201,0.141,0.126,0.93,1.17,(0.8-1.72),0.419
HLA-DPA1*0202,0.021,0.029,1.19,0.8,(0.37-1.72),0.56
HLA-DPB1*01,0.034,0.033,1.08,1.01,(0.52-2),0.968
HLA-DPB1*0101,0.034,0.033,1.08,1.01,(0.52-2),0.968
HLA-DPB1*02,0.31,0.202,0.9,1.93,(1.41-2.66),"4,74E-05"
HLA-DPB1*0201,0.31,0.196,0.9,1.99,(1.45-2.75),2.56E-05
HLA-DPB1*03,0.115,0.1,0.86,1.1,(0.7-1.73),0.678
HLA-DPB1*0301,0.115,0.1,0.86,1.1,(0.7-1.73),0.678
HLA-DPB1*04,0.409,0.53,0.85,0.54,(0.41-0.73),3.82E-05
HLA-DPB1*0401,0.32,0.415,0.92,0.62,(0.46-0.83),1.14E-03
HLA-DPB1*0402,0.089,0.115,0.91,0.73,(0.46-1.15),0.17
HLA-DPB1*10,0.018,0.023,0.94,0.72,(0.27-1.91),0.511
HLA-DPB1*1001,0.018,0.023,0.94,0.72,(0.27-1.91),0.511
HLA-DPB1*11,0.021,0.011,0.97,2.13,(0.75-6.08),0.156
HLA-DPB1*1101,0.021,0.011,0.97,2.13,(0.75-6.07),0.156
HLA-DPB1*13,0.018,0.015,0.96,1.23,(0.45-3.37),0.69
HLA-DPB1*1301,0.018,0.015,0.96,1.23,(0.45-3.37),0.69
HLA-DPB1*14,0.026,0.017,0.76,1.58,(0.55-4.56),0.4
HLA-DPB1*1401,0.026,0.017,0.76,1.58,(0.55-4.57),0.399
HLA-DPB1*15,0.013,0.002,0.98,9.59,(1.07-86.03),0.043
HLA-DPB1*1501,0.013,0.002,0.98,9.59,(1.07-86.03),0.043
HLA-DPB1*19,0.013,0.009,1.17,1.33,(0.44-4.06),0.613
HLA-DPB1*1901,0.013,0.009,1.17,1.33,(0.44-4.06),0.613